customer_id,gender,senior_citizen,partner,dependents
CUST_000001,Male,0,Yes,No
CUST_000002,Female,0,Yes,No
CUST_000003,Female,1,No,Yes
CUST_000004,Female,0,Yes,No
CUST_000005,Male,0,Yes,No
CUST_000006,Male,0,No,No
CUST_000007,Male,0,Yes,No
CUST_000008,Female,1,No,Yes
CUST_000009,Female,0,Yes,No
CUST_000010,Female,0,Yes,Yes
CUST_000011,Male,0,Yes,No
CUST_000012,Female,1,Yes,Yes
CUST_000013,Female,1,No,No
CUST_000014,Male,0,Yes,No
CUST_000015,Male,0,No,No
CUST_000016,Male,1,Yes,No
CUST_000017,Male,0,Yes,No
CUST_000018,Female,0,No,No
CUST_000019,Male,1,Yes,Yes
CUST_000020,Male,0,No,No
CUST_000021,Female,0,No,Yes
CUST_000022,Male,0,No,No
CUST_000023,Male,1,No,No
CUST_000024,Male,1,Yes,No
CUST_000025,Male,1,Yes,Yes
CUST_000026,Female,0,Yes,No
CUST_000027,Male,1,No,No
CUST_000028,Female,1,No,No
CUST_000029,Female,0,Yes,No
CUST_000030,Male,0,No,No
CUST_000031,Female,0,Yes,Yes
CUST_000032,M,0,No,No
CUST_000033,Male,0,Yes,No
CUST_000034,Female,0,No,Yes
CUST_000035,Female,0,No,Yes
CUST_000036,Female,0,Yes,Yes
CUST_000037,Male,0,Yes,No
CUST_000038,Male,0,Yes,No
CUST_000039,Female,0,Yes,Yes
CUST_000040,Male,0,Yes,No
CUST_000041,Male,0,No,Yes
CUST_000042,Male,0,No,No
CUST_000043,Male,0,No,Yes
CUST_000044,Female,0,Yes,No
CUST_000045,Male,1,No,No
CUST_000046,Female,0,No,No
CUST_000047,,0,Yes,No
CUST_000048,Female,0,No,No
CUST_000049,Female,1,No,No
CUST_000050,Male,0,Yes,Yes
CUST_000051,Female,1,Yes,Yes
CUST_000052,Female,0,Yes,No
CUST_000053,Female,1,Yes,Yes
CUST_000054,Female,0,No,Yes
CUST_000055,Female,1,No,No
CUST_000056,Female,0,No,No
CUST_000057,,0,Yes,No
CUST_000058,Male,0,Yes,Yes
CUST_000059,Male,0,No,Yes
CUST_000060,Male,0,No,No
CUST_000061,Male,1,Yes,Yes
CUST_000062,Male,1,Yes,Yes
CUST_000063,Female,0,No,No
CUST_000064,Male,0,Yes,No
CUST_000065,Male,0,Yes,No
CUST_000066,Female,0,No,Yes
CUST_000067,Male,0,Yes,Yes
CUST_000068,Female,0,Yes,No
CUST_000069,Male,0,Yes,Yes
CUST_000070,Female,0,Yes,No
CUST_000071,Female,0,No,No
CUST_000072,Male,0,Yes,No
CUST_000073,Male,0,Yes,No
CUST_000074,Female,0,No,Yes
CUST_000075,Female,1,No,No
CUST_000076,Female,0,No,No
CUST_000077,Female,0,Yes,No
CUST_000078,Male,0,Yes,Yes
CUST_000079,Male,0,No,Yes
CUST_000080,Male,1,No,No
CUST_000081,Female,0,Yes,No
CUST_000082,Female,0,Yes,No
CUST_000083,Male,0,Yes,Yes
CUST_000084,Male,1,No,No
CUST_000085,Male,1,No,No
CUST_000086,Male,0,Yes,No
CUST_000087,Female,0,Yes,No
CUST_000088,Female,0,No,Yes
CUST_000089,Female,1,No,No
CUST_000090,Male,0,Yes,Yes
CUST_000091,Male,1,No,No
CUST_000092,Female,0,No,No
CUST_000093,Female,0,Yes,No
CUST_000094,Female,0,No,No
CUST_000095,Female,0,Yes,Yes
CUST_000096,Male,0,No,No
CUST_000097,Female,0,No,No
CUST_000098,Male,0,No,Yes
CUST_000099,Male,0,No,Yes
CUST_000100,Male,0,Yes,No
CUST_000101,Male,0,No,Yes
CUST_000102,Female,1,No,No
CUST_000103,Male,1,Yes,No
CUST_000104,Male,1,No,No
CUST_000105,Female,1,No,Yes
CUST_000106,Male,0,Yes,No
CUST_000107,Male,0,No,No
CUST_000108,Female,0,No,Yes
CUST_000109,Male,0,Yes,No
CUST_000110,Male,0,No,No
CUST_000111,Male,0,Yes,No
CUST_000112,Male,0,Yes,Yes
CUST_000113,Female,0,Yes,No
CUST_000114,Female,0,No,Yes
CUST_000115,Female,0,No,Yes
CUST_000116,Female,0,Yes,No
CUST_000117,Female,0,Yes,No
CUST_000118,Male,1,No,Yes
CUST_000119,Female,0,Yes,Yes
CUST_000120,Female,0,No,Yes
CUST_000121,Female,1,No,Yes
CUST_000122,Female,1,Yes,Yes
CUST_000123,Male,1,No,Yes
CUST_000124,Male,0,Yes,No
CUST_000125,Male,0,No,No
CUST_000126,Male,0,No,No
CUST_000127,Female,0,No,No
CUST_000128,Female,0,Yes,Yes
CUST_000129,Male,0,No,No
CUST_000130,Female,0,Yes,No
CUST_000131,Male,0,Yes,No
CUST_000132,Male,0,Yes,No
CUST_000133,,0,No,No
CUST_000134,Male,0,No,No
CUST_000135,Female,0,No,Yes
CUST_000136,Male,0,No,No
CUST_000137,Female,1,Yes,No
CUST_000138,Female,0,No,No
CUST_000139,Male,0,Yes,No
CUST_000140,MALE,0,No,Yes
CUST_000141,Female,0,No,No
CUST_000142,Male,0,No,No
CUST_000143,Male,0,No,No
CUST_000144,Male,0,Yes,No
CUST_000145,MALE,0,Yes,Yes
CUST_000146,Male,1,No,No
CUST_000147,Female,0,Yes,No
CUST_000148,Male,0,Yes,No
CUST_000149,F,1,Yes,No
CUST_000150,Male,1,No,No
CUST_000151,Female,0,Yes,No
CUST_000152,Male,0,Yes,Yes
CUST_000153,Male,0,No,No
CUST_000154,Male,0,No,No
CUST_000155,Female,0,Yes,No
CUST_000156,Male,0,Yes,No
CUST_000157,Female,0,Yes,No
CUST_000158,Female,1,Yes,Yes
CUST_000159,Male,1,Yes,No
CUST_000160,Female,0,No,Yes
CUST_000161,Male,0,No,No
CUST_000162,Female,0,No,Yes
CUST_000163,Female,0,Yes,No
CUST_000164,Female,0,No,No
CUST_000165,Male,0,Yes,Yes
CUST_000166,Female,0,No,No
CUST_000167,Male,0,No,No
CUST_000168,Male,0,Yes,Yes
CUST_000169,Male,0,No,No
CUST_000170,Female,0,Yes,No
CUST_000171,Female,0,No,No
CUST_000172,Male,1,Yes,Yes
CUST_000173,Female,0,Yes,Yes
CUST_000174,Male,0,No,Yes
CUST_000175,Female,0,Yes,Yes
CUST_000176,Male,0,No,Yes
CUST_000177,Female,0,Yes,No
CUST_000178,Male,0,No,No
CUST_000179,Female,0,No,No
CUST_000180,Male,0,Yes,No
CUST_000181,Male,1,Yes,Yes
CUST_000182,Male,0,Yes,Yes
CUST_000183,Female,0,Yes,No
CUST_000184,Female,1,Yes,Yes
CUST_000185,Male,0,No,No
CUST_000186,Female,1,No,No
CUST_000187,Female,0,No,No
CUST_000188,Female,0,No,No
CUST_000189,Female,0,No,No
CUST_000190,Male,0,No,No
CUST_000191,Male,0,Yes,No
CUST_000192,MALE,0,No,No
CUST_000193,Female,0,No,No
CUST_000194,Female,0,No,No
CUST_000195,Male,0,Yes,No
CUST_000196,Male,1,Yes,No
CUST_000197,Female,1,Yes,No
CUST_000198,Female,1,No,No
CUST_000199,Female,0,No,Yes
CUST_000200,Female,0,Yes,No
CUST_000201,Female,0,No,No
CUST_000202,FEMALE,0,Yes,No
CUST_000203,Male,0,Yes,Yes
CUST_000204,Female,0,Yes,No
CUST_000205,Female,0,No,No
CUST_000206,Male,0,No,No
CUST_000207,Male,0,Yes,No
CUST_000208,Female,0,No,No
CUST_000209,Male,0,Yes,No
CUST_000210,Male,1,No,No
CUST_000211,Female,0,No,Yes
CUST_000212,Female,0,No,No
CUST_000213,Female,0,Yes,Yes
CUST_000214,Male,0,No,No
CUST_000215,Female,0,No,Yes
CUST_000216,Male,0,Yes,Yes
CUST_000217,Male,0,No,Yes
CUST_000218,Female,0,Yes,Yes
CUST_000219,Female,0,No,No
CUST_000220,Female,0,Yes,No
CUST_000221,Female,1,No,No
CUST_000222,Female,0,No,Yes
CUST_000223,Male,0,Yes,Yes
CUST_000224,Male,1,Yes,Yes
CUST_000225,Male,0,Yes,Yes
CUST_000226,Male,0,Yes,No
CUST_000227,Female,0,Yes,Yes
CUST_000228,Male,0,No,No
CUST_000229,Female,1,Yes,Yes
CUST_000230,Female,0,Yes,Yes
CUST_000231,Female,1,No,No
CUST_000232,Male,0,Yes,No
CUST_000233,Female,0,No,Yes
CUST_000234,Male,0,No,Yes
CUST_000235,Male,0,No,No
CUST_000236,Female,0,No,Yes
CUST_000237,Male,1,No,Yes
CUST_000238,Male,0,Yes,No
CUST_000239,Female,1,Yes,No
CUST_000240,Male,0,Yes,No
CUST_000241,Female,1,No,No
CUST_000242,Female,0,Yes,No
CUST_000243,Female,0,No,No
CUST_000244,Male,1,No,No
CUST_000245,Male,0,No,No
CUST_000246,Female,0,No,Yes
CUST_000247,Male,0,Yes,No
CUST_000248,Female,0,No,No
CUST_000249,Female,1,No,No
CUST_000250,Female,0,Yes,No
CUST_000251,Male,0,Yes,No
CUST_000252,Male,0,No,Yes
CUST_000253,Female,0,No,No
CUST_000254,Male,0,No,Yes
CUST_000255,Male,0,No,No
CUST_000256,Female,0,No,Yes
CUST_000257,Female,0,Yes,No
CUST_000258,Female,0,Yes,Yes
CUST_000259,Female,0,Yes,No
CUST_000260,Male,0,Yes,No
CUST_000261,F,0,No,Yes
CUST_000262,Female,0,No,No
CUST_000263,Male,0,No,No
CUST_000264,Female,0,Yes,Yes
CUST_000265,Female,0,No,No
CUST_000266,Female,0,No,Yes
CUST_000267,Female,0,No,No
CUST_000268,Female,0,No,No
CUST_000269,Male,0,Yes,No
CUST_000270,Male,0,Yes,No
CUST_000271,Female,0,Yes,Yes
CUST_000272,Female,1,Yes,Yes
CUST_000273,Female,0,Yes,No
CUST_000274,Female,0,No,No
CUST_000275,Female,0,No,No
CUST_000276,Male,0,No,No
CUST_000277,Female,0,No,No
CUST_000278,Female,1,Yes,No
CUST_000279,Female,0,No,No
CUST_000280,Female,0,Yes,No
CUST_000281,Female,0,Yes,No
CUST_000282,Male,0,Yes,Yes
CUST_000283,Male,0,Yes,No
CUST_000284,Male,0,Yes,No
CUST_000285,Female,0,Yes,No
CUST_000286,FEMALE,0,Yes,Yes
CUST_000287,Male,0,No,No
CUST_000288,Female,0,Yes,No
CUST_000289,Male,0,Yes,No
CUST_000290,Female,0,Yes,Yes
CUST_000291,Male,0,No,Yes
CUST_000292,Male,0,Yes,No
CUST_000293,Female,0,Yes,No
CUST_000294,Male,0,Yes,No
CUST_000295,Male,0,Yes,No
CUST_000296,Female,0,Yes,Yes
CUST_000297,Female,0,Yes,No
CUST_000298,Male,0,Yes,Yes
CUST_000299,Female,0,Yes,No
CUST_000300,Male,0,Yes,No
CUST_000301,Male,0,No,No
CUST_000302,Female,1,No,No
CUST_000303,Female,0,Yes,No
CUST_000304,Female,0,Yes,No
CUST_000305,Female,0,No,Yes
CUST_000306,Female,1,Yes,No
CUST_000307,Female,0,Yes,No
CUST_000308,M,0,No,Yes
CUST_000309,Female,0,Yes,No
CUST_000310,Male,0,Yes,No
CUST_000311,Male,0,Yes,No
CUST_000312,Male,1,No,No
CUST_000313,Male,0,Yes,No
CUST_000314,Female,0,No,Yes
CUST_000315,Female,0,No,Yes
CUST_000316,Female,0,Yes,No
CUST_000317,Male,0,Yes,No
CUST_000318,Male,0,Yes,Yes
CUST_000319,Male,0,Yes,No
CUST_000320,Male,0,Yes,No
CUST_000321,Female,0,No,No
CUST_000322,Female,0,No,Yes
CUST_000323,Female,1,No,No
CUST_000324,Male,0,Yes,No
CUST_000325,Female,1,No,No
CUST_000326,Female,0,No,No
CUST_000327,Female,0,No,No
CUST_000328,Female,0,Yes,No
CUST_000329,Male,0,No,Yes
CUST_000330,Male,0,Yes,No
CUST_000331,Male,0,Yes,No
CUST_000332,Female,0,Yes,No
CUST_000333,Male,0,No,Yes
CUST_000334,Male,1,No,Yes
CUST_000335,Male,1,Yes,No
CUST_000336,Male,0,Yes,No
CUST_000337,Female,0,Yes,No
CUST_000338,Female,0,Yes,No
CUST_000339,Male,0,Yes,No
CUST_000340,Male,0,Yes,No
CUST_000341,Male,0,No,No
CUST_000342,Male,0,Yes,No
CUST_000343,Male,1,Yes,No
CUST_000344,Male,0,Yes,Yes
CUST_000345,Male,0,No,No
CUST_000346,Female,0,No,No
CUST_000347,Female,0,No,Yes
CUST_000348,Male,0,Yes,Yes
CUST_000349,Male,1,No,No
CUST_000350,Female,0,Yes,Yes
CUST_000351,Male,1,No,Yes
CUST_000352,Female,0,No,No
CUST_000353,Female,0,No,No
CUST_000354,Male,0,No,No
CUST_000355,Male,0,No,Yes
CUST_000356,Female,1,Yes,Yes
CUST_000357,Male,1,No,No
CUST_000358,Female,0,Yes,No
CUST_000359,Female,0,No,No
CUST_000360,Female,0,Yes,No
CUST_000361,Male,1,Yes,No
CUST_000362,Female,0,Yes,Yes
CUST_000363,Male,0,Yes,No
CUST_000364,Female,0,Yes,Yes
CUST_000365,Female,0,No,No
CUST_000366,Male,0,Yes,No
CUST_000367,Female,0,Yes,No
CUST_000368,Female,1,No,Yes
CUST_000369,Male,0,Yes,Yes
CUST_000370,Male,0,No,No
CUST_000371,Male,1,No,Yes
CUST_000372,Male,0,No,No
CUST_000373,Male,1,No,Yes
CUST_000374,Female,0,Yes,No
CUST_000375,Male,0,No,No
CUST_000376,Male,1,Yes,No
CUST_000377,Female,0,Yes,No
CUST_000378,Male,0,No,Yes
CUST_000379,Female,0,Yes,Yes
CUST_000380,Male,0,No,No
CUST_000381,Male,0,No,No
CUST_000382,Female,0,No,No
CUST_000383,Female,1,No,Yes
CUST_000384,Female,0,Yes,Yes
CUST_000385,Female,0,Yes,Yes
CUST_000386,Female,0,No,No
CUST_000387,Male,0,Yes,Yes
CUST_000388,Male,0,No,No
CUST_000389,F,1,No,Yes
CUST_000390,Female,0,No,No
CUST_000391,Female,0,Yes,No
CUST_000392,Male,0,Yes,No
CUST_000393,Male,0,Yes,No
CUST_000394,Female,0,Yes,No
CUST_000395,Male,0,No,No
CUST_000396,Female,0,Yes,No
CUST_000397,Female,0,Yes,No
CUST_000398,Male,0,Yes,No
CUST_000399,Female,0,No,Yes
CUST_000400,Female,0,No,No
CUST_000401,Male,0,Yes,Yes
CUST_000402,Female,0,Yes,Yes
CUST_000403,Male,0,Yes,No
CUST_000404,Female,0,Yes,No
CUST_000405,Male,0,No,No
CUST_000406,Female,0,No,No
CUST_000407,,1,Yes,No
CUST_000408,Male,0,Yes,No
CUST_000409,Female,0,No,Yes
CUST_000410,Male,1,Yes,Yes
CUST_000411,Male,0,No,No
CUST_000412,Female,0,Yes,Yes
CUST_000413,Female,0,Yes,Yes
CUST_000414,Female,0,Yes,No
CUST_000415,Female,0,Yes,No
CUST_000416,Male,1,No,No
CUST_000417,Male,0,Yes,No
CUST_000418,Male,0,Yes,No
CUST_000419,Female,0,Yes,Yes
CUST_000420,Female,1,Yes,Yes
CUST_000421,Female,0,Yes,No
CUST_000422,Female,0,Yes,No
CUST_000423,Male,0,No,No
CUST_000424,Male,0,Yes,Yes
CUST_000425,Male,1,Yes,No
CUST_000426,Female,1,No,No
CUST_000427,Male,0,Yes,No
CUST_000428,F,1,No,No
CUST_000429,Male,0,Yes,No
CUST_000430,Male,1,No,No
CUST_000431,Male,0,No,No
CUST_000432,F,0,No,No
CUST_000433,Female,0,No,No
CUST_000434,Male,0,Yes,No
CUST_000435,Male,0,No,No
CUST_000436,Female,0,Yes,No
CUST_000437,Male,0,Yes,Yes
CUST_000438,Female,0,Yes,No
CUST_000439,Female,0,No,No
CUST_000440,Male,0,Yes,No
CUST_000441,Male,1,No,No
CUST_000442,Female,0,No,No
CUST_000443,Male,0,No,Yes
CUST_000444,Male,0,No,No
CUST_000445,Female,1,Yes,No
CUST_000446,Female,0,Yes,No
CUST_000447,Female,0,Yes,No
CUST_000448,Female,0,Yes,No
CUST_000449,Male,1,Yes,No
CUST_000450,Male,0,Yes,Yes
CUST_000451,Female,0,Yes,No
CUST_000452,Female,0,No,No
CUST_000453,Male,1,No,No
CUST_000454,Female,0,Yes,No
CUST_000455,Male,0,No,No
CUST_000456,Male,1,Yes,Yes
CUST_000457,Male,0,Yes,No
CUST_000458,Male,0,No,No
CUST_000459,Male,0,Yes,No
CUST_000460,Male,0,Yes,No
CUST_000461,Male,0,No,Yes
CUST_000462,Female,0,No,Yes
CUST_000463,Female,0,No,No
CUST_000464,Female,0,No,No
CUST_000465,Female,1,No,Yes
CUST_000466,Male,0,Yes,No
CUST_000467,Male,1,Yes,No
CUST_000468,Female,0,Yes,No
CUST_000469,Male,1,Yes,No
CUST_000470,Female,0,No,Yes
CUST_000471,Male,0,Yes,Yes
CUST_000472,Female,0,No,No
CUST_000473,Male,1,No,No
CUST_000474,Female,0,No,No
CUST_000475,Female,0,No,No
CUST_000476,Female,0,No,No
CUST_000477,,0,Yes,No
CUST_000478,Female,0,No,No
CUST_000479,Female,0,Yes,No
CUST_000480,Female,0,No,No
CUST_000481,FEMALE,0,Yes,Yes
CUST_000482,Female,0,No,No
CUST_000483,Male,0,No,Yes
CUST_000484,Female,0,Yes,No
CUST_000485,Female,0,Yes,No
CUST_000486,Female,0,No,No
CUST_000487,Male,0,Yes,No
CUST_000488,Male,0,No,Yes
CUST_000489,Female,0,No,Yes
CUST_000490,Female,0,Yes,No
CUST_000491,Male,0,Yes,Yes
CUST_000492,F,0,Yes,No
CUST_000493,Male,0,No,No
CUST_000494,Male,0,Yes,No
CUST_000495,Male,0,Yes,No
CUST_000496,Male,0,Yes,Yes
CUST_000497,M,0,No,No
CUST_000498,Male,0,No,No
CUST_000499,Female,0,No,Yes
CUST_000500,Female,1,Yes,No
CUST_000501,Female,0,No,Yes
CUST_000502,Female,0,No,No
CUST_000503,Male,0,No,No
CUST_000504,Female,0,No,Yes
CUST_000505,Female,0,Yes,No
CUST_000506,Male,0,Yes,No
CUST_000507,Female,0,No,No
CUST_000508,Female,0,Yes,No
CUST_000509,Female,0,No,No
CUST_000510,Female,0,No,Yes
CUST_000511,Female,0,Yes,No
CUST_000512,Male,0,No,Yes
CUST_000513,Female,1,Yes,No
CUST_000514,Female,0,Yes,No
CUST_000515,,0,No,No
CUST_000516,Male,0,No,No
CUST_000517,Male,0,Yes,Yes
CUST_000518,Female,1,Yes,No
CUST_000519,Female,0,No,Yes
CUST_000520,Male,1,No,Yes
CUST_000521,Female,0,No,Yes
CUST_000522,Male,1,Yes,No
CUST_000523,Female,0,Yes,Yes
CUST_000524,Female,0,Yes,Yes
CUST_000525,Female,0,No,Yes
CUST_000526,FEMALE,0,Yes,Yes
CUST_000527,Male,0,Yes,No
CUST_000528,Male,0,No,No
CUST_000529,Male,0,Yes,No
CUST_000530,Female,0,No,No
CUST_000531,Female,0,No,Yes
CUST_000532,Female,0,No,No
CUST_000533,Female,0,Yes,No
CUST_000534,Female,0,Yes,Yes
CUST_000535,Female,0,No,Yes
CUST_000536,MALE,0,No,Yes
CUST_000537,Female,0,No,Yes
CUST_000538,Male,0,Yes,No
CUST_000539,Male,0,No,No
CUST_000540,Male,0,No,Yes
CUST_000541,Female,0,No,Yes
CUST_000542,Female,0,No,No
CUST_000543,Male,0,No,Yes
CUST_000544,Female,0,No,No
CUST_000545,Female,1,Yes,No
CUST_000546,Male,0,Yes,Yes
CUST_000547,Male,0,Yes,Yes
CUST_000548,Female,0,Yes,No
CUST_000549,Female,0,Yes,No
CUST_000550,Female,0,Yes,No
CUST_000551,Female,1,Yes,No
CUST_000552,Female,0,Yes,Yes
CUST_000553,Female,0,No,No
CUST_000554,Female,1,No,No
CUST_000555,Female,0,Yes,Yes
CUST_000556,Male,0,No,No
CUST_000557,Male,0,No,Yes
CUST_000558,Male,0,Yes,No
CUST_000559,Female,0,Yes,Yes
CUST_000560,Female,1,Yes,No
CUST_000561,Female,0,No,No
CUST_000562,MALE,0,No,No
CUST_000563,Male,0,Yes,Yes
CUST_000564,M,0,Yes,No
CUST_000565,Male,0,Yes,No
CUST_000566,Female,0,Yes,No
CUST_000567,FEMALE,0,Yes,No
CUST_000568,Male,0,Yes,No
CUST_000569,Female,0,No,No
CUST_000570,Male,0,No,No
CUST_000571,,0,Yes,No
CUST_000572,Female,0,No,No
CUST_000573,Male,0,Yes,No
CUST_000574,Female,1,Yes,No
CUST_000575,Female,0,Yes,No
CUST_000576,Female,0,No,No
CUST_000577,Male,0,No,Yes
CUST_000578,Female,0,No,No
CUST_000579,Male,0,Yes,No
CUST_000580,Male,0,No,No
CUST_000581,Male,0,Yes,No
CUST_000582,Female,0,No,No
CUST_000583,Male,0,Yes,No
CUST_000584,Male,0,Yes,No
CUST_000585,Female,1,No,No
CUST_000586,Male,0,No,No
CUST_000587,Male,0,Yes,No
CUST_000588,Male,0,No,No
CUST_000589,Male,0,Yes,Yes
CUST_000590,M,0,No,Yes
CUST_000591,Male,0,No,No
CUST_000592,Female,1,No,Yes
CUST_000593,Male,0,No,No
CUST_000594,Male,0,No,No
CUST_000595,Female,0,Yes,No
CUST_000596,Male,0,No,No
CUST_000597,Female,0,Yes,Yes
CUST_000598,Male,0,Yes,No
CUST_000599,Male,0,Yes,No
CUST_000600,Male,1,Yes,No
CUST_000601,Male,0,No,Yes
CUST_000602,M,0,Yes,No
CUST_000603,Male,0,No,Yes
CUST_000604,Male,0,Yes,Yes
CUST_000605,Male,0,Yes,Yes
CUST_000606,Male,0,Yes,Yes
CUST_000607,Male,0,Yes,No
CUST_000608,Male,0,Yes,Yes
CUST_000609,Male,0,No,No
CUST_000610,Female,0,Yes,No
CUST_000611,Male,1,No,No
CUST_000612,Female,0,Yes,Yes
CUST_000613,Female,0,Yes,No
CUST_000614,Male,0,No,No
CUST_000615,Female,0,Yes,No
CUST_000616,Female,0,Yes,Yes
CUST_000617,M,1,Yes,No
CUST_000618,Male,0,Yes,No
CUST_000619,Female,0,No,No
CUST_000620,Female,0,Yes,Yes
CUST_000621,Male,0,No,No
CUST_000622,Male,0,No,Yes
CUST_000623,Male,0,Yes,Yes
CUST_000624,Male,1,No,No
CUST_000625,Female,0,Yes,Yes
CUST_000626,Male,0,No,Yes
CUST_000627,Male,0,Yes,Yes
CUST_000628,,0,No,No
CUST_000629,Male,0,Yes,No
CUST_000630,Male,0,Yes,No
CUST_000631,Female,0,No,No
CUST_000632,Female,0,No,Yes
CUST_000633,Female,0,Yes,No
CUST_000634,Female,0,Yes,No
CUST_000635,Male,1,No,Yes
CUST_000636,Male,0,No,No
CUST_000637,Female,0,No,No
CUST_000638,Male,0,No,Yes
CUST_000639,Male,1,No,Yes
CUST_000640,Male,1,No,Yes
CUST_000641,Male,0,Yes,Yes
CUST_000642,Male,1,Yes,No
CUST_000643,Male,0,No,No
CUST_000644,Male,0,No,No
CUST_000645,Male,0,Yes,No
CUST_000646,F,0,Yes,Yes
CUST_000647,Female,0,No,No
CUST_000648,Female,0,Yes,No
CUST_000649,Female,0,Yes,No
CUST_000650,Male,0,Yes,No
CUST_000651,Male,0,Yes,No
CUST_000652,Female,0,Yes,No
CUST_000653,Female,0,Yes,No
CUST_000654,Female,0,Yes,Yes
CUST_000655,Male,0,No,Yes
CUST_000656,Male,1,Yes,Yes
CUST_000657,Male,0,No,No
CUST_000658,Male,0,No,No
CUST_000659,Female,0,Yes,No
CUST_000660,Female,0,No,No
CUST_000661,Male,0,Yes,No
CUST_000662,Female,0,No,No
CUST_000663,Female,1,Yes,Yes
CUST_000664,Male,0,No,Yes
CUST_000665,Male,1,No,No
CUST_000666,Male,1,Yes,No
CUST_000667,Male,0,Yes,No
CUST_000668,Male,1,No,Yes
CUST_000669,Male,0,No,Yes
CUST_000670,Male,0,Yes,No
CUST_000671,Male,0,No,Yes
CUST_000672,Female,1,Yes,Yes
CUST_000673,Male,1,No,No
CUST_000674,Female,0,Yes,Yes
CUST_000675,Male,0,No,No
CUST_000676,Female,0,Yes,Yes
CUST_000677,Male,0,Yes,Yes
CUST_000678,Male,0,Yes,No
CUST_000679,Female,0,Yes,No
CUST_000680,Female,0,Yes,No
CUST_000681,Female,0,Yes,No
CUST_000682,Male,1,No,Yes
CUST_000683,Male,0,Yes,No
CUST_000684,Female,0,Yes,Yes
CUST_000685,Female,0,Yes,No
CUST_000686,Female,1,Yes,No
CUST_000687,Female,1,Yes,No
CUST_000688,Male,0,Yes,No
CUST_000689,Female,0,Yes,Yes
CUST_000690,Male,0,Yes,Yes
CUST_000691,Male,0,No,No
CUST_000692,Male,0,No,No
CUST_000693,Male,0,Yes,No
CUST_000694,Male,0,Yes,Yes
CUST_000695,Male,0,No,No
CUST_000696,Female,0,Yes,Yes
CUST_000697,Male,0,No,No
CUST_000698,Female,0,Yes,No
CUST_000699,Male,1,No,No
CUST_000700,Male,0,No,Yes
CUST_000701,Female,1,No,No
CUST_000702,Male,0,No,No
CUST_000703,Male,0,Yes,No
CUST_000704,Male,0,Yes,No
CUST_000705,,0,No,No
CUST_000706,Female,0,No,No
CUST_000707,Male,0,Yes,No
CUST_000708,Female,0,Yes,Yes
CUST_000709,Male,0,Yes,Yes
CUST_000710,Female,0,Yes,No
CUST_000711,Female,0,No,Yes
CUST_000712,Female,0,Yes,No
CUST_000713,M,0,Yes,No
CUST_000714,Male,0,Yes,No
CUST_000715,Male,0,Yes,No
CUST_000716,Female,1,Yes,No
CUST_000717,F,0,No,No
CUST_000718,Female,0,No,Yes
CUST_000719,Male,1,No,No
CUST_000720,Female,0,Yes,Yes
CUST_000721,Female,0,No,No
CUST_000722,,0,No,No
CUST_000723,Male,0,No,No
CUST_000724,Female,0,Yes,Yes
CUST_000725,Female,0,Yes,No
CUST_000726,Female,0,Yes,No
CUST_000727,Male,0,Yes,Yes
CUST_000728,Female,1,Yes,Yes
CUST_000729,Male,0,Yes,Yes
CUST_000730,Male,0,Yes,No
CUST_000731,Male,0,No,Yes
CUST_000732,Female,0,Yes,No
CUST_000733,Female,0,Yes,No
CUST_000734,Female,0,No,No
CUST_000735,Male,0,No,Yes
CUST_000736,Female,1,No,No
CUST_000737,Male,0,No,No
CUST_000738,Female,0,No,No
CUST_000739,Male,0,No,No
CUST_000740,Male,0,Yes,No
CUST_000741,Male,0,Yes,No
CUST_000742,Male,0,Yes,No
CUST_000743,Female,0,Yes,No
CUST_000744,Male,0,Yes,Yes
CUST_000745,Male,0,No,Yes
CUST_000746,Female,0,No,Yes
CUST_000747,Male,0,No,No
CUST_000748,Female,0,Yes,No
CUST_000749,Female,0,No,No
CUST_000750,Female,0,No,No
CUST_000751,Male,0,Yes,No
CUST_000752,Female,0,No,No
CUST_000753,Female,0,Yes,No
CUST_000754,Male,0,Yes,No
CUST_000755,Male,1,No,Yes
CUST_000756,Female,0,Yes,Yes
CUST_000757,Female,1,Yes,Yes
CUST_000758,Female,0,No,No
CUST_000759,Female,0,No,No
CUST_000760,MALE,0,Yes,No
CUST_000761,Male,0,Yes,Yes
CUST_000762,Male,1,Yes,No
CUST_000763,Male,0,No,No
CUST_000764,Female,0,Yes,Yes
CUST_000765,Male,0,Yes,No
CUST_000766,Female,0,No,Yes
CUST_000767,Female,0,No,No
CUST_000768,Female,0,Yes,No
CUST_000769,,0,Yes,Yes
CUST_000770,Female,0,No,Yes
CUST_000771,Male,0,Yes,No
CUST_000772,Female,0,Yes,No
CUST_000773,Male,1,No,No
CUST_000774,Male,1,Yes,No
CUST_000775,Female,0,No,No
CUST_000776,Male,0,Yes,No
CUST_000777,Male,0,Yes,No
CUST_000778,Female,0,Yes,No
CUST_000779,Female,0,Yes,No
CUST_000780,Female,1,Yes,No
CUST_000781,Female,0,Yes,No
CUST_000782,Female,1,No,No
CUST_000783,Male,0,No,Yes
CUST_000784,Male,0,No,No
CUST_000785,Male,0,No,No
CUST_000786,Female,1,Yes,Yes
CUST_000787,Female,0,No,No
CUST_000788,Male,0,Yes,No
CUST_000789,Male,0,No,Yes
CUST_000790,Female,0,No,No
CUST_000791,Male,0,No,Yes
CUST_000792,Female,0,No,Yes
CUST_000793,Male,0,No,No
CUST_000794,Female,0,Yes,No
CUST_000795,Male,0,Yes,Yes
CUST_000796,Female,0,No,No
CUST_000797,Female,0,Yes,No
CUST_000798,Female,0,No,Yes
CUST_000799,Female,0,No,Yes
CUST_000800,Female,0,Yes,No
CUST_000801,Female,1,No,Yes
CUST_000802,Male,0,No,No
CUST_000803,Female,0,No,No
CUST_000804,Female,0,No,No
CUST_000805,Male,0,No,Yes
CUST_000806,Female,0,No,No
CUST_000807,M,0,No,No
CUST_000808,Female,0,Yes,No
CUST_000809,Male,0,Yes,Yes
CUST_000810,Male,0,No,Yes
CUST_000811,Female,0,Yes,No
CUST_000812,Female,0,No,No
CUST_000813,Male,0,No,Yes
CUST_000814,Female,0,Yes,No
CUST_000815,Female,0,No,Yes
CUST_000816,Female,1,No,No
CUST_000817,Female,0,Yes,No
CUST_000818,Male,0,Yes,No
CUST_000819,Male,0,Yes,No
CUST_000820,Male,0,Yes,No
CUST_000821,Female,0,No,No
CUST_000822,Male,0,Yes,No
CUST_000823,Male,0,No,No
CUST_000824,Male,0,Yes,No
CUST_000825,Female,0,Yes,Yes
CUST_000826,Female,0,No,Yes
CUST_000827,Male,0,No,No
CUST_000828,Male,1,Yes,No
CUST_000829,Female,0,Yes,No
CUST_000830,Male,0,Yes,Yes
CUST_000831,Male,1,Yes,No
CUST_000832,Male,0,No,No
CUST_000833,Male,0,Yes,No
CUST_000834,Male,0,Yes,No
CUST_000835,,0,Yes,No
CUST_000836,Male,0,No,No
CUST_000837,Female,0,No,No
CUST_000838,Male,0,Yes,Yes
CUST_000839,Female,1,No,No
CUST_000840,Female,0,Yes,No
CUST_000841,Male,0,Yes,No
CUST_000842,Female,0,No,Yes
CUST_000843,Male,0,No,No
CUST_000844,Female,0,No,No
CUST_000845,Male,1,No,Yes
CUST_000846,Male,0,Yes,No
CUST_000847,Male,0,No,No
CUST_000848,Female,0,Yes,No
CUST_000849,Male,1,No,No
CUST_000850,Female,0,Yes,Yes
CUST_000851,Male,0,No,No
CUST_000852,Female,0,Yes,Yes
CUST_000853,Male,1,Yes,No
CUST_000854,Female,1,No,No
CUST_000855,Male,1,Yes,No
CUST_000856,Male,0,Yes,Yes
CUST_000857,Male,0,Yes,No
CUST_000858,Male,0,Yes,No
CUST_000859,Female,1,Yes,No
CUST_000860,Male,0,Yes,No
CUST_000861,Female,0,No,No
CUST_000862,Male,0,Yes,No
CUST_000863,Female,0,No,No
CUST_000864,Male,0,No,Yes
CUST_000865,Male,1,Yes,Yes
CUST_000866,Female,1,No,No
CUST_000867,Male,0,Yes,No
CUST_000868,Male,0,No,No
CUST_000869,Female,0,Yes,No
CUST_000870,Female,0,Yes,Yes
CUST_000871,Male,0,No,No
CUST_000872,Male,0,No,Yes
CUST_000873,Female,0,No,Yes
CUST_000874,Male,1,Yes,No
CUST_000875,Male,0,No,Yes
CUST_000876,Male,0,Yes,No
CUST_000877,Female,0,Yes,Yes
CUST_000878,Female,0,Yes,No
CUST_000879,Male,0,No,No
CUST_000880,Male,0,Yes,Yes
CUST_000881,Male,0,Yes,No
CUST_000882,Female,1,No,No
CUST_000883,Male,0,Yes,No
CUST_000884,Male,0,Yes,Yes
CUST_000885,Female,0,Yes,No
CUST_000886,Male,0,No,No
CUST_000887,Female,0,Yes,No
CUST_000888,Male,0,Yes,No
CUST_000889,Male,0,No,No
CUST_000890,Male,1,No,No
CUST_000891,Female,0,Yes,No
CUST_000892,Female,0,No,No
CUST_000893,Female,0,No,No
CUST_000894,Male,0,No,No
CUST_000895,Female,0,Yes,No
CUST_000896,M,0,No,No
CUST_000897,Male,0,No,Yes
CUST_000898,Female,0,Yes,No
CUST_000899,Male,0,Yes,No
CUST_000900,Male,0,Yes,No
CUST_000901,Male,0,Yes,No
CUST_000902,Male,0,No,No
CUST_000903,Male,0,Yes,No
CUST_000904,Female,0,Yes,Yes
CUST_000905,Male,0,No,No
CUST_000906,Female,0,Yes,No
CUST_000907,Female,1,No,No
CUST_000908,Male,0,Yes,No
CUST_000909,Male,0,Yes,No
CUST_000910,Male,0,Yes,No
CUST_000911,Female,0,Yes,Yes
CUST_000912,Male,1,Yes,Yes
CUST_000913,Female,1,No,Yes
CUST_000914,Male,0,No,No
CUST_000915,Female,0,Yes,No
CUST_000916,Male,0,No,No
CUST_000917,Male,1,No,No
CUST_000918,Female,0,No,No
CUST_000919,Female,0,Yes,No
CUST_000920,Male,0,Yes,No
CUST_000921,Female,0,Yes,No
CUST_000922,Male,0,No,No
CUST_000923,Female,0,No,No
CUST_000924,Female,0,Yes,Yes
CUST_000925,Male,0,Yes,No
CUST_000926,Male,0,No,Yes
CUST_000927,M,0,No,No
CUST_000928,Female,0,No,No
CUST_000929,M,0,No,No
CUST_000930,Male,0,Yes,Yes
CUST_000931,Male,0,No,No
CUST_000932,Female,0,No,Yes
CUST_000933,Female,0,Yes,No
CUST_000934,Female,0,No,Yes
CUST_000935,Male,0,No,No
CUST_000936,Male,0,Yes,No
CUST_000937,Male,0,No,No
CUST_000938,Female,0,No,Yes
CUST_000939,Male,0,No,Yes
CUST_000940,Female,0,Yes,No
CUST_000941,Male,0,Yes,No
CUST_000942,Female,0,No,No
CUST_000943,Female,0,Yes,Yes
CUST_000944,Female,0,No,No
CUST_000945,Male,0,No,Yes
CUST_000946,Male,0,Yes,Yes
CUST_000947,M,0,Yes,No
CUST_000948,Female,0,Yes,No
CUST_000949,Female,0,Yes,Yes
CUST_000950,Female,0,No,Yes
CUST_000951,Female,0,No,Yes
CUST_000952,Female,0,No,No
CUST_000953,Male,0,No,No
CUST_000954,Female,0,Yes,Yes
CUST_000955,Male,1,No,Yes
CUST_000956,Male,1,No,No
CUST_000957,FEMALE,0,No,No
CUST_000958,,0,No,No
CUST_000959,Male,0,Yes,Yes
CUST_000960,M,0,No,Yes
CUST_000961,Male,0,Yes,No
CUST_000962,Female,0,Yes,No
CUST_000963,Male,0,Yes,Yes
CUST_000964,Male,0,No,No
CUST_000965,Male,0,No,Yes
CUST_000966,Male,0,No,No
CUST_000967,Female,0,No,No
CUST_000968,F,0,No,Yes
CUST_000969,Female,0,No,No
CUST_000970,Male,0,Yes,No
CUST_000971,Female,0,Yes,No
CUST_000972,Female,0,Yes,No
CUST_000973,Female,0,No,Yes
CUST_000974,Male,0,No,No
CUST_000975,Male,0,Yes,Yes
CUST_000976,Male,1,Yes,No
CUST_000977,Female,0,No,No
CUST_000978,Male,0,Yes,No
CUST_000979,Male,1,No,Yes
CUST_000980,Female,1,No,No
CUST_000981,Male,0,Yes,No
CUST_000982,Female,0,Yes,No
CUST_000983,Male,0,No,Yes
CUST_000984,Male,0,No,Yes
CUST_000985,Female,0,No,No
CUST_000986,Male,0,No,No
CUST_000987,Female,0,Yes,Yes
CUST_000988,Male,0,Yes,No
CUST_000989,Male,0,No,No
CUST_000990,Female,0,No,No
CUST_000991,Female,0,Yes,Yes
CUST_000992,Female,0,No,Yes
CUST_000993,Male,0,No,No
CUST_000994,Female,0,Yes,Yes
CUST_000995,F,0,Yes,No
CUST_000996,Male,0,No,No
CUST_000997,F,1,Yes,No
CUST_000998,Male,0,Yes,No
CUST_000999,Female,0,Yes,No
CUST_001000,Male,0,No,Yes
